Method,n_clusters,n_noise,silhouette_score,calinski_harabasz,davies_bouldin
KMeans,3,0,0.35554580521622914,714.7915549846471,0.9610633917888762
DBSCAN,3,70,0.4064382167093741,52.228452668881985,0.39141066431444743
Hierarchical,2,0,0.30966124549813906,546.1879470334767,1.179696030922396
