segment,n_customers,avg_recency,avg_frequency,avg_monetary,share_customers,revenue_share
0,120,24.7,3.2416666666666667,11525.943333333333,0.8391608391608392,0.19407869871551606
1,23,7.695652173913044,9.173913043478262,249715.01304347825,0.16083916083916083,0.805921301284484
